Producto,Precio(EUR),Fecha dato
"TV LED 49"" - Samsung UE49NU7105KXXC, Ultra HD 4K, HDR, Smart TV, UHD Dimming, Negro","499,00",12/11/18
"TV LED 40"" - Samsung UE40NU7125KXXC, Ultra HD 4K, HDR, Smart TV, UHD Dimming","429,00",12/11/18
"TV LED 32"" - Samsung UE32M5525, Full HD, Smart TV, Wi-Fi, HDMI, USB, TDT2, Negro","349,00",12/11/18
"TV LED 28"" - LG 28MT49S-PZ, HD, Smart TV, Wifi, TDT2, Negro","216,00",12/11/18
"TV LED 43"" - Samsung UE43NU7125KXXC, Ultra HD 4K, HDR, Smart TV, UHD Dimming","439,00",12/11/18
"ENGEL TV LED 20"" - Engel LE2060, HD, USB Grabador, Dolby Digital Plus, TDT HD, HDMI","99,00",12/11/18
"TV LED 55"" - Samsung UE55NU7105KXXC, Ultra HD 4K, HDR, Smart TV, UHD Dimming, Negro","649,00",12/11/18
"TV LED 43"" - LG 43UK6470PLC, UHD 4K 3xHDR, Panel IPS, AI Smart TV ThinQ webOS 4.0","450,00",12/11/18
"ENGEL ENGEL TV LED 32"" - Engel LE3260, HD, Dolby Digital Plus, USB Grabador","159,00",12/11/18
"TV LED 50"" - Thomson 50UD6406, Ultra HD 4K, Smart TV, TDT2, HDMI","444,00",12/11/18
"TV LED 32"" - LG 32LK6100PLB, Full HD, HDR, AI Smart TV ThinQ webOS 4.0, Procesador QuadCore","285,00",12/11/18
"TV QLED 55"" - Samsung 55Q7FN 2018, Ultra HD 4K, HDR 1500, Smart TV, Quantum Dot","1425,00",12/11/18
"TV LED 43"" - Thomson 43UD6406, Ultra HD 4K HDR, Android TV 7.0, Panel 10 bits","399,00",12/11/18
"TV LED 32"" - Thomson 32HD5506, HD, Smart TV, TDT2, HDMI, Wi-Fi","219,00",12/11/18
"TV LED 43"" - Samsung UE43NU7475UXXC, Ultra HD 4K, HDR, Smart TV, Supreme UHD Dimming, Premium One","584,00",12/11/18
"TV LED 32"" - LG 32LK6200PLA, Full HD, AI Smart TV ThinQ webOS 4.0, QuadCore, Plata y blanco","350,00",12/11/18
"TV LED 55"" - Thomson 55UC6406, Ultra HD 4K HDR, Android TV 6.0, Dolby Digital, Google","479,00",12/11/18
"TV LED 24"" - Philips 24PFT5303/12, Full HD, Pixel Plus HD, TDT 2, HDMI, USB, Negro","139,00",12/11/18
"TV LED 40"" - Engel LE4060T2, Full HD, TDT2, USB Grabador, HDMI","249,00",12/11/18
"TV LED 50"" - Engel LE5060KS, UHD 4K, USB Grabador, Dolby Digital Plus, TDT2, Smart TV","399,00",12/11/18
"TV LED 24"" - LG 24MT49S-PZ, HD, Smart TV, WiFi, TDT2","175,00",12/11/18
"TV LED 50"" - Samsung UE50NU7405UXXC, Ultra HD 4K, HDR, Smart TV, UHD Dimming, One Remote Control","619,00",12/11/18
"TV LED 55"" - LG 55UK6950PLB, UHD 4K 3xHDR, Panel IPS, AI Smart TV ThinQ webOS 4.0, Sonido DTS-X","599,00",12/11/18
"TV LED 55"" - Samsung UE55NU7405UXXC, Ultra HD 4K, HDR, Smart TV, UHD Dimming, One Remote Control","778,00",12/11/18
"TV LED 32"" - Samsung UE32J5200, Full HD, Smart TV, Wide Color Enhancer, HDMI, Wi-Fi, Negro","333,00",12/11/18
"TV LED 50"" - Samsung UE50NU7475UXXC, Ultra HD 4K, HDR, Smart TV, Supreme UHD Dimming, Premium One","699,00",12/11/18
"TV LED 55"" - Samsung UE55NU7095UXXC, 4K UHD, HDR 10+, Smart TV, UHD Dimming, Negro","648,00",12/11/18
"TV LED 24"" - Engel Ever LED LE2480SM, Smart TV, HD, HDMI, USB, Dolby Digital Plus, Wi-Fi","159,00",12/11/18
"TV LED 32"" - Philips 32PFS5803/12, Full HD, Smart TV, WiFi, TDT 2, Satélite","299,00",12/11/18
"TV LED 28"" - Thomson 28HD3206, Negro","137,00",12/11/18
PANASONIC PANASONIC TX-32DS352,"240,00",12/11/18
"TV LED 43"" - Samsung UE43NU7405UXXC, Ultra HD 4K, HDR, Smart TV, UHD Dimming, One Remote Control","529,00",12/11/18
"TV LED 50"" - LG 50UK6950PLB, UHD 4K 3xHDR, AI Smart TV ThinQ webOS 4.0, Sonido DTS-X","739,00",12/11/18
"TV LED 75"" - Samsung UE75NU7105KXXC, Ultra HD 4K, HDR, Smart TV, UHD Dimming","1599,00",12/11/18
"TV LED 55"" - Sony KD55XF7596BAEP, Ultra HD 4K HDR, Android TV, 400Hz, 4K X-Reality PRO","839,00",12/11/18
"TV LED 55"" - Sony KD55XF9005BAEP, Ultra HD 4K HDR, procesador X1 Extreme, Android TV, Triluminos,","1399,00",12/11/18
"TV LED 32"" - Sony KDL32WD750BAEP, Full HD, Smart TV, WiFi","342,00",12/11/18
"THOMSON TV LED 70"" - Thomson 70UD6406, Ultra HD 4K HDR, Smart TV, Netflix, Panel 10 bits","999,00",12/11/18
"TV OLED 55"" - LG OLED55B8PLA, UHD 4K Cinema HDR, Procesador 7, AI Smart TV ThinQ webOS 4.0, Sonido","1503,00",12/11/18
"TV LED 55""-Philips 55PUS6503/12, UHD 4K, HDR Plus, Quad Core, Pixel Precise HD, Smart TV, Wifi, TDT","583,00",12/11/18
"TV LED 49"" - Sony KD49XF8596BAEP, Ultra HD 4K HDR, procesador X1, Android TV, Triluminos, 1000Hz,","799,00",12/11/18
"TV LED 43"" - Sony KD43XF7596BAEP, Ultra HD 4K HDR, Android TV, 400Hz, 4K X-reality PRO","649,00",12/11/18
"TV LED 32"" - Philips 32PHT4503/12, HD, Pixel Plus HD, TDT 2","219,00",12/11/18
"TV LED 43""- Philips 43PFT5503/12, Full HD, Pixel Plus HD, TDT 2","320,00",12/11/18
"NEVIR TV LED 20"" - Nevir NVR-7412-20HD-N, HD, USB Grabador, HDMI","109,00",12/11/18
"TV LED 32"" - Sony KDL32WE610BAEP, HDR, HD Ready, Smart TV, Wifi","314,00",12/11/18
"TV LED 55"" - Panasonic TX-55EX633E, Ultra HD 4K, PRO HDR, Smart TV, Wi-Fi","699,00",12/11/18
"TV LED 24"" - LG 24TK420V-PZ, HD, 5W x2, Flicker-Safe, Modo Gaming","179,00",12/11/18
"TV QLED 49"" - Samsung 49Q6FN 2018 4K UHD, HDR 1000, Smart TV, Quantum Dot","1079,00",12/11/18
"TV LED 50""-Philips 50PUS6703/12 UHD 4K, Ambilight 3 lados, HDR Plus, Quad Core, Pixel Precise HD,","587,00",12/11/18
"TV LED 65"" - Sony KD65XF9005BAEP, Ultra HD 4K HDR, Procesador X1 Extreme, Android TV, Triluminos,","1899,00",12/11/18
"TV QLED 65"" - Samsung 65Q7FN 2018 4K UHD, HDR 1500, Smart TV, Quantum Dot","1980,00",12/11/18
"TV LED 43"" - LG 43UK6950PLB, UHD 4K 3xHDR, Panel IPS, AI Smart TV ThinQ webOS 4.0, Sonido DTS-X","679,00",12/11/18
"TV LED 24""- Philips 24PFS5603/12, Full HD, Pixel Plus HD, TDT 2, Satélite, Blanco","169,00",12/11/18
"TV QLED 55"" - Samsung 55Q9FN 2018, 4K UHD, HDR 2000, Smart TV, Direct Full Array Elite, Quantum Dot","2099,00",12/11/18
"TV LED 49"" - Sony KD49XF7596BAEP, Ultra HD 4K HDR, Android TV, 400Hz, 4K X-reality PRO","752,00",12/11/18
"TV LED 55"" - LG 55SK8500PLA, SuperUHD 4K 5xHDR, NanoCell, Panel IPS, AI Smart TV ThinQ webOS 4.0,","1157,00",12/11/18
"TV LED 24"" - Panasonic TX-24DS352E, HD, High Contrast, TDT2, Smart TV","179,00",12/11/18
"TV LED 55"" - Sony KD55XF8596BAEP, Ultra HD 4K HDR, procesador X1, Android TV, Triluminos, 1000Hz,","1001,00",12/11/18
"TV QLED 55"" - Samsung 55Q6FN 2018 4K UHD, HDR 1000, Smart TV, Quantum Dot","1149,00",12/11/18
"TV LED 55"" - Samsung UE55NU7475UXXC, Ultra HD 4K, HDR, Smart TV, Supreme UHD Dimming, Premium One","880,00",12/11/18
"TV LED 49"" - Panasonic TX-49FX700E, Ultra HD 4K, Multi HDR, Local Dimming Pro, 2x CI+, Smart TV","699,00",12/11/18
"TV LED 50"" - LG 50UK6470PLC, UHD 4K 3xHDR, Panel IPS, AI Smart TV ThinQ webOS 4.0","511,00",12/11/18
UE65MU6105KXXC,"999,00",12/11/18
43UD6306,"399,00",12/11/18
"TV LED 39"" - Philips 39PHT4112/12, HD, USB, HDMI, TDT2","289,00",12/11/18
"TV LED 65"" - Thomson 65UC6406, Ultra HD 4K HDR, Android TV 6.0, Google Cast, Panel 10 bits","799,00",12/11/18
"TV LED 43"" - Sony KD43XF8096BAEP, Ultra HD 4K HDR, Android TV, Triluminos, 400 Hz, X-reality PRO","749,00",12/11/18
"TV LED 65"" - Samsung UE65NU7475UXXC, Ultra HD 4K, HDR 10+, Smart TV, Supreme UHD Dimming, Premium","1359,00",12/11/18
"TV LED 55""-Philips 55PUS6703/12UHD 4K, Ambilight 3 lados, HDR Plus, Quad Core, Pixel Precise HD,","679,00",12/11/18
"TV LED 16"" - Nevir NVR 7412-16HD-N, HD, USB, 12V","129,00",12/11/18
"TV LED 55"" - Samsung UE55NU8005TXXC, Ultra HD 4K, HDR 1000, Smart TV, UHD Dimming, One Remote","1099,00",12/11/18
"TV OLED 55"" - Sony KD55AF8BAEP, Ultra HD 4K HDR, Procesador X1 Extreme, Android TV, Acoustic","2299,00",12/11/18
"TV LED 65"" - Sony KD65XF8596BAEP, Ultra HD 4K HDR, procesador X1, Android TV, Triluminos, 1000Hz,","1499,00",12/11/18
KD43XF8596BAEP,"788,00",12/11/18
"TV LED 49"" - LG 49SK8500PLA, SuperUHD 4K 5xHDR, NanoCell, Panel IPS, AI Smart TV ThinQ webOS 4.0,","972,00",12/11/18
"TV LED 43"" - LG 43LK5100PLA, Full HD, Sonido virtual Surround 2.0, USB, HDMI","360,00",12/11/18
"TV LED 65"" - Samsung UE65NU8005TXXC, Ultra HD 4K, HDR 10+, Smart TV, UHD Dimming, One Remote","1479,00",12/11/18
"TV LED 43""-Philips 43PUS6703/12UHD 4K, Ambilight 3 lados, HDR Plus, Quad Core, Pixel Precise HD,","488,00",12/11/18
"TV LED 32"" - Samsung UE32N4005AWXXC, HD, USB, HDMI","239,00",12/11/18
"TV LED 24&#39;&#39; - Nevir NVR-7418-24HD-B, Full HD, 12V, HDMI, USB, Blanco","149,00",12/11/18
"TV OLED 65"" - Sony KD65AF8BAEP, Ultra HD 4K HDR, Procesador X1 Extreme, Android TV, Acoustic","3299,00",12/11/18
"TV LED 28"" - LG 28TK420V-PZ, HD, 5W x2, Flicker-Safe, Modo Gaming","209,00",12/11/18
"TV LED 49"" - Sony KD49XF9005BAEP, Ultra HD 4K HDR, procesador X1 Extreme, Android TV, Triluminos,","1072,00",12/11/18
"TV LED 65"" - Samsung UE65NU7405UXXC, Ultra HD 4K, HDR, Smart TV, UHD Dimming, One Remote Control","1244,00",12/11/18
"TV ULED 55"" - Hisense H55U7A, Ultra HD 4K, HDR Plus, Ultra Colour, Local Dimming, Smart TV VIDAA U,","699,00",12/11/18
"TV LED 65"" - Sony KD65XF7596BAEP, Ultra HD 4K HDR, Android TV, 400Hz, 4K X-Reality PRO","1349,00",12/11/18
"TV QLED 55"" - Samsung QE55Q8DNATXXC, 4K UHD, Procesador Quad-Core, Direct Full Array,","1899,00",12/11/18
"TV LED 49"" - Samsung UE49NU8005TXXC, Ultra HD 4K, HDR 1000, Smart TV, UHD Dimming, One Remote","983,00",12/11/18
"TV OLED 55"" - Panasonic TX-55FZ800E, Ultra HD 4K HDR Pro, Multi-HDR, Panel THX","1719,00",12/11/18
"TV LED 7"" - Nevir NVR-7301-TDT27P, Portátil, TDT2, USB, Batería","59,00",12/11/18
LG ELECTRONICS OLED65B8PLA,"2699,00",12/11/18
"TV OLED 55"" - LG OLED55C8PLA, UHD 4K Cinema HDR, Procesador 9, AI Smart TV ThinQ webOS 4.0, Sonido","2004,00",12/11/18
"TV LED 49"" - Samsung UE49NU7305KXXC, Ultra HD 4K, HDR, Curvo, Smart TV, UHD Dimming, One Remote","630,00",12/11/18
KD55XF7096BAEP,"733,00",12/11/18
NEVIR NVR-7412-20HD-DVD-N,"149,00",12/11/18
"TV LED 49"" - Sony KD49XF8096BAEP, Ultra HD 4K HDR, Android TV, Triluminos, 400 Hz, X-reality PRO","820,00",12/11/18
"TV QLED 65"" - Samsung 65Q6FN 2018 4K UHD, HDR 1000, Smart TV, Quantum Dot","1706,00",12/11/18
"TV LED 82"" - Samsung UE82NU8005TXXC, Ultra HD 4K, HDR Extreme, Smart TV, UHD Dimming, One Remote","3523,00",12/11/18
"TV LED 50""- Philips 50PUS7303/12, UHD 4K, Ambilight 3 lados, P5, HDR Plus, Quad Core, Pixel Precise","663,00",12/11/18
"TV LED 43"" - Thomson 43UC6406, Ultra HD 4K HDR, Android TV 6.0, Google Cast, Panel 10 bits","399,00",12/11/18
NVR-7802-50FHD-2W-N,"358,00",12/11/18
KD43XF7096BAEP,"538,00",12/11/18
"TV QLED 65"" - Samsung 65Q9FN 2018, 4K UHD, HDR 2000, Smart TV, Direct Full Array Elite, Quantum Dot","2947,00",12/11/18
"TV LED 40"" - Nevir NVR-7428-40HD-N, Full HD, HDMI, USB, A+, Negro","255,00",12/11/18
"TV LED 43"" - Nevir NVR-7421-43HD-N, Full HD, HDMI, USB, A, Negro","267,00",12/11/18
"TV LED 65"" - Sharp LC-65CUG8062E, Ultra HD 4K, Smart TV, TDT2, Satélite, Harman Kardon","849,00",12/11/18
KD55AF9BAEP,"2681,00",12/11/18
SAMSUNG QE82Q6FNATXXC,"4336,00",12/11/18
"TV LED 55"" - LG 55UK6470PLC, UHD 4K 3xHDR, Panel IPS, AI Smart TV ThinQ webOS 4.0","678,00",12/11/18
"TV QLED 75"" - Samsung 75Q6FN 2018 4K UHD, HDR 1000, Smart TV, Quantum Dot","2970,00",12/11/18
"TV LED 65"" - LG 65UK6950PLB, UHD 4K 3xHDR, Panel IPS, AI Smart TV ThinQ webOS 4.0, Sonido DTS-X,","1699,00",12/11/18
"TV LED 65""-Philips 65PUS6503/12, UHD 4K, HDR Plus, Quad Core, Pixel Precise HD, Smart TV, Wifi, TDT","799,00",12/11/18
"TV LED 65"" - Philips 65PUS7303/12, UHD 4K, Ambilight 3 lados, P5, HDR Plus, Quad Core, Pixel","1099,00",12/11/18
"TV LED 50"" - Engel LE5060K, UHD 4K, USB Grabador, Dolby Digital Plus, TDT2, Negro","369,00",12/11/18
"TV LED 65"" - LG 65UK7550PLA, UHD 4K, 3 x HDR, NanoCell, Panel IPS, AI Smart TV ThinQ webOS 4.0,","1225,00",12/11/18
"TV OLED 55"" - LG OLED55E8PLA, UHD 4K Cinema HDR, Procesador 9, AI Smart TV ThinQ webOS 4.0, Sonido","2582,00",12/11/18
43A6100,"395,00",12/11/18
"TV LED 9"" - Nevir NVR-7301-TDT29P, Portátil, TDT2, USB, Batería","69,00",12/11/18
"TV LED 55"" - Samsung The Frame UE55LS03NAU, Ultra HD 4K, HDR, Supreme UHD Dimming, Sensor","1483,00",12/11/18
"TV LED 43"" - Philips 43PFS5803/12, Full HD, Smart TV , WiFi, TDT 2, Satélite","396,00",12/11/18
"TV LED 24 - Akai AKTV2412T, Full HD, USB, HDMI, TDT2, Negro","159,00",12/11/18
"TV LED 49"" - Samsung The Frame UE49LS03NAU, Ultra HD 4K, HDR, Supreme UHD Dimming, Sensor","1487,00",12/11/18
"TV QLED 75"" - Samsung 75Q9FN 2018, 4K UHD, HDR 2000, Smart TV, Direct Full Array Elite, Quantum Dot","4249,00",12/11/18
TX-49FX633E,"659,00",12/11/18
"TV LED 32"" - Akai AKTV3213TS, HD, HDMI, USB, TDT2","179,00",12/11/18
KD65AF9BAEP,"3799,00",12/11/18
"TV LED 65"" - Samsung The Frame UE65LS03NAU, Ultra HD 4K, HDR, Supreme UHD Dimming, Sensor","2480,00",12/11/18
"TV LED 75"" - Sony KD75XF8596BAEP, Ultra HD 4K HDR, procesador X1, Android TV, Triluminos, 1000Hz,","2499,00",12/11/18
"TV LED 32""- Philips 32PFT5603/12, Full HD, Pixel Plus HD, TDT 2, Blanco","259,00",12/11/18
NVR-7802-43FHD-2W-N,"283,00",12/11/18
"TV LED 65"" - Samsung UE65LS003AUXXC The Frame, Ultra HD 4K, HDR, Smart TV, Art Mode, Panel 10 Bit","1999,00",12/11/18
"TV LED 75"" - Samsung UE75NU8005TXXC, Ultra HD 4K, HDR Extreme, Smart TV, UHD Dimming, One Remote","2682,00",12/11/18
"TV QLED 65"" - Samsung 65Q8FN 2018 4K UHD, HDR 1500, Smart TV, Quantum Dot, Diseño Metálico","2380,00",12/11/18
"TV LED 65"" - LG 65UK6470PLC, UHD 4K 3xHDR, Panel IPS, AI Smart TV ThinQ webOS 4.0","962,00",12/11/18
"TV LED 49""-Philips 49PUS7503/12, UHD 4K, Ambilight 3 lados, P5, HDR Plus, Quad Core, Pixel Precise","779,00",12/11/18
"TV LED 55""-Philips 55PUS7303/12, UHD 4K, Ambilight 3 lados, P5, HDR Plus, Quad Core, Pixel Precise","799,00",12/11/18
"TV LED 20&#39;&#39; - Nevir NVR-7418-20HD-N, HD Ready, 12V, HDMI, USB, Negro","129,00",12/11/18
"TV LED 20&#39;&#39; - Nevir NVR-7418-20HD-B, HD Ready, 12V, HDMI, USB, Blanco","129,00",12/11/18
"TV LED 49"" - LG 49SK8000PLB, SuperUHD 4K 5xHDR, NanoCell, Panel IPS, AI Smart TV ThinQ webOS 4.0,","999,00",12/11/18
"TV LED 55"" - Samsung UE55MU6225KXXC, UHD 4K, HDR, Curvo","699,00",12/11/18
"TV LED 75"" - LG 75UK6500PLA, UHD 4K 3xHDR, Panel IPS, AI Smart TV ThinQ webOS 4.0","2276,00",12/11/18
NEVIR NVR-7427-50FHD-N,"348,00",12/11/18
NVR-7702-39RD2-N,"244,00",12/11/18
"TV LED 32"" - Nevir NVR-7802-32RD-2W-N, HD, HDMI, USB, Negro","179,00",12/11/18
"TV QLED 55"" - Samsung 55Q8FN 2018 4K UHD, HDR 1500, Smart TV, Quantum Dot, Diseño Metálico","1699,00",12/11/18
NVR-7802-55FHD-2W-N,"437,00",12/11/18
"TV ULED 55"" - Hisense 55N6800, UHD 4K, HDR+, Smart TV, Dolby Audio DBX-TV","699,00",12/11/18
"TV LED 55"" - Hisense 55N5700, UHD 4K, HDR, Smart TV, Dolby Audio DBX-TV","599,00",12/11/18
"TV QLED 65"" - Samsung QE65Q8DNATXXC, 4K UHD, Procesador Quad-Core, Direct Full Array,","2524,00",12/11/18
"TV LED 39"" - Nevir NVR 7421-39-HD-N, HD, HDMI, USB Grabador","259,00",12/11/18
SONY KD85XF8596BAEP,"3995,00",12/11/18
"TV LED 24""- Philips 24PFS5703/12, Full HD, Pixel Plus HD, TDT 2, Satélite, Blanco, Docking station","264,00",12/11/18
"TV LED 75"" - Sony KD75XF9005BAEP, Ultra HD 4K, HDR, Android TV","3280,00",12/11/18
"TV LED 20"" - Akai AKTV2014T, HD, HDMI, USB, TDT2","139,00",12/11/18
"TV LED 55"" - Samsung UE55NU7305KXXC, Ultra HD 4K, HDR, Curvo, Smart TV, UHD Dimming, One Remote","799,00",12/11/18
"TV LED 24"" - Thomson 24HD3201, HD, HDMI, USB, Dolby Digital Plus, Negro","139,00",12/11/18
KD65XF7096BAEP,"1105,00",12/11/18
"TV LED 43"" - Samsung The Frame UE43LS03NAU, Ultra HD 4K, HDR, Supreme UHD Dimming, Sensor","978,00",12/11/18
"TV LED 49"" - Sony KD49XF8577SAEP, Ultra HD 4K HDR, Procesador X1, Android TV, Triluminos, 1000Hz,","1099,00",12/11/18
"TV LED 55"" - Panasonic TX-55FX700E, Ultra HD 4K, Multi HDR, Local Dimming Pro, 2x CI+, Smart TV","1049,00",12/11/18
"TV LED 65"" - LG 65SK8500PLA, SuperUHD 4K 5xHDR, NanoCell, Panel IPS, AI Smart TV ThinQ webOS 4.0,","1871,00",12/11/18
LG ELECTRONICS OLED65C8PLA,"2940,00",12/11/18
65DC760,"939,00",12/11/18
55DC760,"734,00",12/11/18
55A6500,"599,00",12/11/18
"TV LED 65"" - Philips 65PUS7502/12, Ultra HD 4K, HDR Premium, Android TV 6.0, Ambilight","1499,00",12/11/18
"TV LED 20"" - Akai AKTV205, HD, Reproductor DVD, HDMI, USB, TDT2","149,00",12/11/18
50A6500,"539,00",12/11/18
"TV LED 65"" - Hisense H65A6500, Ultra HD 4K, HDR, Precision Colour, Depth Enhancer, Smart TV VIDAA","849,00",12/11/18
"TV QLED 75"" - Samsung 75Q7FN 2018 4K UHD, HDR 1500, Smart TV, Quantum Dot","3449,00",12/11/18
"TV LED 65"" - Samsung UE65NU7105KXXC, Ultra HD 4K, HDR, Smart TV, UHD Dimming","949,00",12/11/18
"TV LED 24&#39;&#39; - Nevir NVR-7418-24HD-N, Full HD, 12V, HDMI, USB, Negro","149,00",12/11/18
"TV LED 55""-Philips 55PUS7503/12, UHD 4K, Ambilight 3 lados, P5, HDR Plus, Quad Core, Pixel Precise","879,00",12/11/18
QE75Q900RATXXC,"6999,00",12/11/18
"TV LED 65"" - Hisense 65N5750, UHD 4K, HDR, Smart TV, Dolby Audio DBX-TV","799,00",12/11/18
"TV LED 55"" - Panasonic TX-55FX633E, Ultra HD 4K, Multi HDR, Adaptative Backlight Dimming Plus,","859,00",12/11/18
SONY KD60XF8305BAEP,"1329,00",12/11/18
"TV LED 55"" - LG 55SK8000PLB, SuperUHD 4K 5xHDR, NanoCell, Panel IPS, AI Smart TV ThinQ webOS 4.0,","1199,00",12/11/18
"TV LED 49"" - Sharp LC-49CUF8472ES, 600 Hz, 4K Ultra HD, Wi-Fi, Smart TV, Sonido Harman/kardon","499,00",12/11/18
65OLED803/12,"3331,00",12/11/18
"TV LED 55"" - Philips 55PUS7502/12, Ultra HD 4K, HDR Premium, Android TV 6.0, Ambilight","1599,00",12/11/18
55OLED803/12,"2180,00",12/11/18
PHILIPS 43PFT4112/12,"329,00",12/11/18
"TV LED 24"" - Akai AKTV2412T, HD, HDMI, USB, TDT2","159,00",12/11/18
"TV LED 55"" - Philips 55PUS8503/12, UHD 4K, NanoLED, Ambilight 3 lados, P5, HDR Plus, Quad Core,","1583,00",12/11/18
"TV LED 65"" - LG 65SK8000PLB, SuperUHD 4K 5xHDR, NanoCell, Panel IPS, AI Smart TV ThinQ webOS 4.0,","1799,00",12/11/18
"TV LED 65"" - Samsung UE65NU8505TXXC, Ultra HD 4K, HDR 1000, Curvo, Smart TV, Supreme UHD Dimming,","1799,00",12/11/18
"TV QLED 65"" - Samsung 65Q8CN 2018 Curvo, 4K UHD, HDR 1500, Smart TV, Quantum Dot","2651,00",12/11/18
55SK9500PLA.AEU,"1599,00",12/11/18
SONY KD65XE7096BAEP,"1099,00",12/11/18
BILD 3.65 OLED GRAPHITE GREY,"3999,00",12/11/18
"TV LED 55""-Philips 55PUS8303/12, UHD 4K, NanoLed, Ambilight 3 lados, P5, HDR Plus, Quad Core, Pixel","1399,00",12/11/18
BILD 4.55 OLED NEGRO SOBREMESA,"3199,00",12/11/18
"TV LED 32"" - Philips 32PFS6402/12, Full HD, Android TV, Ambilight","439,00",12/11/18
QE65Q900RATXXC,"4979,00",12/11/18
SAMSUNG UE55NU8505TXXC,"1215,00",12/11/18
"TV OLED 65"" - Loewe BILD 5.65 Ultra HD 4K, HDR, Smart TV, Barra de Sonido","5699,00",12/11/18
KD65ZF9BAEP,"2999,00",12/11/18
SONY KDL43WE750BAEP,"549,00",12/11/18
"TV LED 43"" - LG 43UJ635V.AEU, Ultra HD 4K, HDR, Ultra Surround, Smart TV, WebOS 3.5,","446,00",12/11/18
"TV ULED 65"" - Hisense H65U9A, Ultra HD 4K, HDR Supreme, Quantum Dot Color, Local Dimming, Smart TV","2980,00",12/11/18
"TV LED 43"" - Nevir NVR-7901-43-4K2-N, Ultra HD 4K, HDMI, USB, A, Negro","319,00",12/11/18
"TV LED 75"" - Hisense H75N5800, Ultra HD 4K, HDR Plus, Ultra Colour, Smart TV VIDAA U,","1799,00",12/11/18
LG ELECTRONICS OLED65E8PLA,"3549,00",12/11/18
"TV ULED 65"" - Hisense H65U7A, Ultra HD 4K, HDR Plus, Ultra Colour, Local Dimming, Sma","1580,00",12/11/18
"TV LED 40"" - Engel LE4060SM, Full HD, Smart TV, TDT2, USB Grabador, HDMI","279,00",12/11/18
PANASONIC TX-65FZ800E,"3535,00",12/11/18
70UK6950PLA,"1499,00",12/11/18
"TV LED 75"" - TCL U75C7006 Ultra HD 4K, Android TV, HDR Pro, Altavoces JBL, Panel 10 Bit","1899,00",12/11/18
"TV OLED 55"" - Loewe BILD 7.55, Ultra HD 4K, HDR, Smart TV, Disco Duro 1TB","4980,00",12/11/18
"TV OLED 65"" - Loewe BILD 7.65, Ultra HD 4K, HDR, Smart TV, Disco Duro 1TB","6999,00",12/11/18
"TV LED 55"" - Sony KD55XF8096BAEP, Ultra HD 4K HDR, Android TV, Triluminos, 400 Hz, X-reality PRO","884,00",12/11/18
"TV OLED 65"" - Panasonic TX-65EZ1000E, Ultra HD 4K HDR Pro, Procesador HCX2, THX","4899,00",12/11/18
"TV OLED 77"" - Panasonic TX-77EZ1000E, Ultra HD 4K HDR Pro, Procesador HCX2, THX","9999,00",12/11/18
"TV LED 55"" - Samsung UE55NU7175, Smart TV, 4K, HDR 10+, PurColor","799,00",12/11/18
"TV OLED 65"" - Philips 65OLED973/12, UHD 4K HDR, Procesador P5, Android TV, Ambilight","5499,00",12/11/18
"TV QLED 55"" - Samsung 55Q8CN 2018 Curvo, 4K UHD, HDR 1500, Smart TV, Quantum Dot","1566,00",12/11/18
UE49MU9005TXXC,"1199,00",12/11/18
LG ELECTRONICS 43LJ624V.AEU,"499,00",12/11/18
"TV LED 75"" - Philips 75PUS8303/12, UHD 4K, NanoLED, Ambilight 3 lados, P5, HDR Plus, Quad Core,","3276,00",12/11/18
"TV LED 65""- Philips 65PUS8503/12, UHD 4K, NanoLED, Ambilight 3 lados, P5, HDR Plus, Quad Core,","2380,00",12/11/18
"TV LED 75""-Philips 75PUS7803/12, UHD 4K, Ambilight 3 lados, P5, HDR Plus, Quad Core, Pixel Precise","2876,00",12/11/18
"TV OLED 55"" - LG OLED55E7N.AEU, Ultra HD 4K, HDR Dolby Vision, Dolby ATMOS","2299,00",12/11/18
HISENSE 49N5700,"429,00",12/11/18
"TV LED 49"" - Sharp LC-49CUG8052E, Ultra HD 4K, Smart TV, Harman Kardon, TDT2, Wifi","449,00",12/11/18
LG ELECTRONICS 75SJ955V.AEU,"3499,00",12/11/18
"TV LED 24"" - LG 24MT49VT-PZ, HD, USB, TDT2","169,00",12/11/18
"TV LED 65"" - Panasonic TX-65FX700E, Ultra HD 4K, Multi HDR, Local Dimming Pro, 2x CI+, Smart TV","1599,00",12/11/18
"TV LED 65"" - LG 65SJ950V.AEU, SuperUHD 4K Nanocells, HDR Dolby Vision, Sonido Harman Kardon","2999,00",12/11/18
"TV LED 55"" - LG 55SJ950V.AEU, SuperUHD 4K Nanocells, HDR Dolby Vision, Sonido Harman Kardon","1999,00",12/11/18
"TV LED 65"" - Hisense H65A6100, Ultra HD 4K, HDR, Precision Colour, Depth Enhancer, Smart TV VIDAA","932,00",12/11/18
LG ELECTRONICS 55UJ701V.AEU,"734,00",12/11/18
"TV LED 65"" - Sony KD65XD8505BAEP, Ultra HD 4K, HDR, Android TV","1899,00",12/11/18
"AKAI TV LED 40"" - Akai CTV4026T, Full HD, Curvo, Smart TV, Wi-Fi, HDMI, USB, TDT2, Negro","359,00",12/11/18
